{
  "maps": [
    {
      "id": "Launch_Site_A",
      "filename": "launch_zone.jpg",
      "corners": {
        "top_left": [
          143.1851704735088,
          -30.66541016817858
        ],
        "top_right": [
          143.1972338516983,
          -30.66545160474142
        ],
        "bottom_right": [
          143.1852247504167,
          -30.67167494405327
        ],
        "bottom_left": [
          143.1972196299894,
          -30.67164493379877
        ]
      }
    },
    {
      "id": "profile-pic",
      "filename": "profile-pic.jpg",
      "corners": {
        "top_left": [
          0.0,
          0.0
        ],
        "top_right": [
          1.0,
          0.0
        ],
        "bottom_right": [
          1.0,
          1.0
        ],
        "bottom_left": [
          0.0,
          7.0
        ]
      }
    }
  ]
}